EXW3D37;Pietro Peixoto;não autorizado
TPA3S07;Maria Isis Sá;não autorizado
UTZ1P90;Pedro Guerra;autorizado
QFM3F29;Cecília Lopes;autorizado
DOA6X43;Marcos Vinicius Araújo;não autorizado
PQN8R90;Dr. Theo Vasconcelos;autorizado
TAJ8M10;Daniel Rezende;autorizado
XVB3J10;Bernardo Rodrigues;não autorizado
LLD0K68;Ravi Caldeira;não autorizado
UWN2B27;Maria Cecília Aragão;autorizado
XLP5Q47;Samuel Monteiro;autorizado
XBL8F07;Brayan Oliveira;autorizado
IJP7I52;Gael Henrique Pastor;autorizado
ABJ7B83;Anna Liz Oliveira;autorizado
KBF6B93;Maya da Cunha;autorizado
SVN2N36;Melissa da Paz;autorizado
UJY3D22;Ravy Melo;autorizado
JII6L61;Yan Pastor;não autorizado
HIU9O10;Nathan Cavalcante;autorizado
GNR0S56;Aurora Nogueira;autorizado
KGU8Y03;Antony Albuquerque;autorizado
THV0I58;Marcos Vinicius Brito;não autorizado
LMQ2C63;Mateus Ramos;autorizado
XYW3D56;Augusto Marques;não autorizado
ILX2C30;Maria Fernanda Guerra;não autorizado
ELP4R05;Levi Câmara;não autorizado
WLD1N55;Marcelo Rodrigues;autorizado
KWF7Z32;Maria Vitória Marques;não autorizado
KQR6A00;Guilherme Monteiro;autorizado
TGT9G65;Catarina Sales;autorizado
CMP3M48;Igor Pacheco;não autorizado
EHN7Q42;Dra. Eloah Ferreira;não autorizado
PYG8B73;Dr. Rhavi Andrade;não autorizado
OMZ8Z01;Stella Mendonça;autorizado
JLZ1M60;Vitor Vieira;autorizado
EFD8B29;Noah Camargo;não autorizado
UTB9L89;Leonardo Melo;autorizado
NNW0S84;Bernardo Albuquerque;não autorizado
JAM2L02;Kamilly Sá;autorizado
NFK2I65;Luiz Gustavo Souza;autorizado
NCA8Y96;Sr. Thomas Cavalcanti;não autorizado
CKM4I69;Alana Campos;não autorizado
DFI0J44;Vitória Guerra;autorizado
UNQ6Y99;Brayan Pires;não autorizado
HVS0N28;João Vitor Abreu;não autorizado
KVR0W28;Sophia Cardoso;autorizado
DXH6S08;Dr. Ravy Câmara;não autorizado
SYR7D89;Isabella Machado;não autorizado
NFQ5I79;Dra. Mariane Sá;autorizado
EGK8K58;Kamilly Siqueira;não autorizado
NCX9K18;Davi Lucas Monteiro;autorizado
TPQ6I21;Kaique Moraes;não autorizado
CSF3E73;Diogo Porto;não autorizado
YYW8V48;Maya da Rosa;autorizado
PZA1W70;Otávio Pacheco;não autorizado
HAU1Q79;Sr. João Guilherme Cavalcanti;não autorizado
JJI8M83;Dr. Eduardo Aragão;autorizado
JWM6U12;Samuel da Mota;autorizado
GJR1X28;Mateus Fogaça;não autorizado
CKS6D15;Maria Liz Casa Grande;não autorizado
DMC2L97;Alexandre Rodrigues;não autorizado
YKW1Z39;Bento Cavalcante;não autorizado
IEB0E84;Ana Cecília Marques;não autorizado
ZTY8S49;Pietra Alves;não autorizado
UYL6U85;Isaque Andrade;autorizado
FAP4C01;Sr. André Abreu;não autorizado
KRM7Y82;Noah da Mata;não autorizado
IVL1J17;Luísa Campos;não autorizado
IYL3P22;Lavínia da Paz;autorizado
PYR0F50;Dr. Ian Sampaio;não autorizado
YSZ0K23;Mathias da Conceição;autorizado
XPE0J51;Isadora Barbosa;autorizado
QXN2M14;Lucas Gabriel Silveira;não autorizado
AQV9X77;Apollo Dias;não autorizado
LCR6H18;Ana Lívia Oliveira;não autorizado
BHP2W25;Davi Lucca Martins;autorizado
WNI2E79;Bruna Cavalcante;não autorizado
MCT7V34;Aylla Cunha;autorizado
RPW8L08;Dra. Daniela Farias;não autorizado
KNQ4V43;Rebeca das Neves;não autorizado
PIU1S69;Srta. Alícia Castro;não autorizado
HQU5A20;João Jesus;não autorizado
LFY5S83;Emanuella da Costa;autorizado
BXO8X88;Gael Henrique Brito;não autorizado
LWR7J38;Levi Rodrigues;autorizado
LQW8N09;Heloisa da Cruz;não autorizado
NBK1X18;Clarice Duarte;autorizado
SYE6Z93;Milena Pires;autorizado
WAA2U84;Ana Laura Nascimento;não autorizado
OAE7W37;Melina Pinto;autorizado
SWV9O92;Dr. Carlos Eduardo Cunha;não autorizado
JIV6N46;Sr. André Casa Grande;não autorizado
OKB8U14;Dr. Luiz Fernando Azevedo;autorizado
SGC6W01;Sr. Joaquim Caldeira;autorizado
HSX8J52;Théo Jesus;autorizado
YQT3U81;Ravi Rios;não autorizado
UWU6Z52;Caroline Mendes;autorizado
XLQ0W85;Liam Vargas;não autorizado
OAA1E06;Dr. Eduardo da Rosa;não autorizado
MLU6G29;André da Costa;não autorizado
OKW0Y74;Emanuel Ramos;autorizado
RTH0E05;Maria Flor Aparecida;autorizado
VIA1V25;Guilherme das Neves;não autorizado
JTL3C30;Emilly Mendes;não autorizado
OYF0N74;Vitor Gabriel Dias;autorizado
MMX7P25;Bruno Vieira;não autorizado
SBJ7A39;Srta. Maria Clara Dias;não autorizado
UAW4O76;Eloah Macedo;autorizado
VEC9M25;Vitor Gabriel Aparecida;autorizado
BYE3T35;Theo Câmara;autorizado
GMH7A48;Fernanda da Rosa;não autorizado
LTA1Q62;Dante da Rosa;autorizado
XXQ6S52;Isis Siqueira;não autorizado
KTU3R61;Gabriela Pastor;autorizado
BCV0C27;Arthur Gabriel das Neves;autorizado
RIV6K41;Emanuel Teixeira;autorizado
XUS5B86;Marcos Vinicius Monteiro;não autorizado
VPM7N04;Jade Pacheco;não autorizado
LJU1R89;Luiz Fernando Cirino;autorizado
VUS4J53;Eduardo Lima;não autorizado
HMW8R53;Laís Câmara;autorizado
NRL9S77;João Pedro Macedo;não autorizado
ONP9T52;Anna Liz Sampaio;autorizado
XEJ4Z12;Isabelly Farias;não autorizado
UPS6E40;Maria Eduarda Moraes;não autorizado
XCO9V62;Maria Fernanda Barbosa;autorizado
JVL0O82;Thiago Oliveira;autorizado
CRN7M55;Cauã Azevedo;não autorizado
FTQ1F07;Mariah Moraes;não autorizado
LNJ0L35;Fernanda Peixoto;autorizado
NXD5O73;Anna Liz Garcia;autorizado
GES8C13;Raquel Melo;autorizado
JON8F47;Théo Porto;autorizado
GYL6E33;Juan Siqueira;não autorizado
AIT9N43;Dom Lopes;não autorizado
EAI0N58;Alice Sales;autorizado
NDP9G15;Yago Rios;não autorizado
IQK8M05;Gael Gomes;não autorizado
IQN3C97;Luana Pinto;autorizado
CYB4T64;Vinícius Jesus;autorizado
SAC1X76;Sophia Mendonça;não autorizado
PKS0D84;Srta. Julia da Rosa;autorizado
LVZ8X92;Stella da Paz;não autorizado
HVH4J66;Eloah Duarte;não autorizado
RGY9P74;Dra. Maria Sophia das Neves;não autorizado
OUT1H20;Augusto Garcia;autorizado
PMU7W52;Hadassa Barbosa;não autorizado
JBU6T45;Renan Sampaio;autorizado
NKK4T03;Marina da Cunha;autorizado
CCX5S35;Dr. João Felipe Azevedo;não autorizado
FOU1H20;Rael Barros;autorizado
OFX2G04;Maria Flor Aparecida;autorizado
LFX6L73;Sra. Milena Macedo;não autorizado
KKO6T51;Gabriela Moreira;autorizado
MLC7P52;Sarah Monteiro;autorizado
HGX9S72;Enzo das Neves;autorizado
XSO9G74;Maria Isis Cirino;autorizado
JCX1O16;Hadassa Costela;não autorizado
WMM6Q61;Thomas Jesus;autorizado
BHC9K47;Ana Vitória Marques;autorizado
KQK3I93;Melissa Nogueira;não autorizado
JSM0S67;Allana Aragão;não autorizado
FZM8V34;Maria Luiza da Cruz;não autorizado
OXQ9L75;Helena Mendonça;autorizado
HZN0Q15;Lunna Alves;não autorizado
REH1A37;Josué Cardoso;não autorizado
SVF4U13;Davi Miguel Fernandes;autorizado
IME2P47;Sra. Maria Clara Silveira;autorizado
HFO3C99;Sra. Milena da Rocha;autorizado
YGQ4Q14;Sra. Mariana da Costa;não autorizado
NQR9C29;Anthony Gabriel Lopes;não autorizado
RRU4S22;Gustavo Henrique Nogueira;não autorizado
MLT1L73;Sr. Alexandre Sampaio;não autorizado
QJB9E89;Cecilia Santos;não autorizado
VQQ7U11;Sr. Mateus da Cruz;autorizado
QUR7B68;Leonardo Sales;não autorizado
HNN9D94;Lara Cassiano;não autorizado
XWG3A37;Arthur Miguel Lima;autorizado
XKT0E68;Hadassa Câmara;não autorizado
IZO5P01;Renan Dias;não autorizado
RMU4U92;Henry Sá;autorizado
MST4D24;Ana da Cunha;não autorizado
RSE9W40;Aurora Rezende;autorizado
ZAO3E39;Luiz Fernando Moura;autorizado
AYB9T22;Thomas Garcia;autorizado
SGP2I03;Dr. João Gabriel Pastor;não autorizado
HRE2J73;Stephany Abreu;não autorizado
YTK3Y82;Maria Laura Rodrigues;autorizado
BQU9K03;Esther Farias;autorizado
EHC3H99;Isabela das Neves;autorizado
OVP8R69;Stella Cavalcante;não autorizado
OZH6U87;Dr. Ian Oliveira;autorizado
EMX6Y64;Dra. Ísis Câmara;autorizado
CCR6T85;Mariah Costa;autorizado
RMN5X10;Raquel Pimenta;não autorizado
GTX0B32;Brayan Guerra;não autorizado
BDO1F18;Léo Nascimento;não autorizado
DTP9M48;Maria Cecília Costela;não autorizado
TPJ3L24;Pedro Costela;autorizado
DWO6Y31;Ryan Aparecida;autorizado
XUZ1U79;Dr. Anthony Abreu;não autorizado
JYW2J04;Ana Lívia Costa;não autorizado
NGS0R33;Diogo da Mota;autorizado
YJZ0C46;Dr. Raul Pinto;autorizado
KYQ6X26;Lara Montenegro;não autorizado
OJZ7E36;Vitória Costela;autorizado
SDA9G53;Luiz Gustavo Sales;não autorizado
SLP0V82;Bryan da Mata;autorizado
SDZ8I67;Srta. Isis Mendes;autorizado
ASE9Z11;João Miguel Barbosa;autorizado
KOD1T85;Rafaela da Costa;não autorizado
SVX9Z95;Ravy Cirino;não autorizado
WKY9I20;Anna Liz Pires;não autorizado
AJH1F45;Manuela Porto;autorizado
IXP8Q53;Rhavi Sampaio;não autorizado
GFM3K21;Kevin Sousa;autorizado
DUI9M55;Luísa Jesus;autorizado
VPF6F61;Larissa da Rosa;não autorizado
OPK3O05;Liz Abreu;não autorizado
RMT1W70;Ana Julia da Conceição;não autorizado
WEX1O24;Luiz Gustavo Vasconcelos;autorizado
SCA5U59;Danilo Rocha;não autorizado
YGL9H94;Antony Melo;não autorizado
QIO7N65;Matheus Pires;autorizado
TQB4X09;João Vitor Jesus;não autorizado
AVY7C17;Maria Fernanda Farias;autorizado
PSI6S83;Luiz Henrique Martins;não autorizado
GRS7H31;Luara da Cunha;não autorizado
DMB2A46;Leandro Viana;autorizado
VMV2G96;Fernanda Rocha;autorizado
LJB4B64;Mariane Cardoso;autorizado
HWF7J45;Pietro Barbosa;não autorizado
NWT7B45;Cauã Pacheco;não autorizado
CWW5U48;Marcelo Pastor;autorizado
KCL8R24;Maitê Mendes;não autorizado
EES6T04;Sra. Ana Beatriz Gomes;não autorizado
GFC2U34;Dr. Benjamin Porto;autorizado
PGC9O78;Vitor Hugo Costela;autorizado
ZVV4Y59;Alexandre Rezende;autorizado
MOG2U36;Lunna Garcia;não autorizado
FND5P49;Enrico Cavalcante;autorizado
WSV9S33;Gustavo Henrique Dias;autorizado
HEU1R42;Luara Araújo;não autorizado
TVC7E60;Lucas Gabriel da Luz;autorizado
IQJ9W89;Olivia Borges;autorizado
WSS7B81;Sr. Murilo da Cruz;não autorizado
IQA4X37;Nina Nascimento;autorizado
OKF5X40;Henry Gabriel da Conceição;não autorizado
GPN8Q77;Sabrina Nascimento;autorizado
QJQ3L72;Léo Rocha;autorizado
GZH5D75;Alana Farias;não autorizado
CRL5E62;Dr. Luiz Miguel Gonçalves;não autorizado
XKJ7U82;Luara da Cunha;autorizado
WOL8J47;Liam Silva;autorizado
UZB7D67;Arthur Gabriel Santos;não autorizado
OKH3R20;Srta. Cecilia Melo;autorizado
NZJ7D95;Renan Martins;não autorizado
CEA3M89;Paulo Machado;não autorizado
BTL3E42;Sr. João Pedro Pacheco;autorizado
IAU5Y57;Antony Duarte;não autorizado
NOY2Q31;Sophie Marques;autorizado
TTV8H76;Ana Julia Rocha;autorizado
SDE7T91;Ryan Duarte;não autorizado
NHH8W87;Maria Vitória Teixeira;não autorizado
KMI2D61;Bruno Fernandes;não autorizado
NSY3B57;Murilo Lopes;não autorizado
GLE1R83;Elisa Freitas;autorizado
VIP6R78;Maria Julia Teixeira;autorizado
JGQ5F92;Henrique Fonseca;autorizado
CKG6E75;Allana Aragão;não autorizado
DQJ3X12;Sara Leão;autorizado
LKA6C10;Anthony Gabriel Vargas;autorizado
BDL4O91;Gael Caldeira;não autorizado
TOD2H80;Nina das Neves;autorizado
PRT1Z13;Luara Castro;autorizado
BZN3I78;Augusto Montenegro;não autorizado
NPB2N68;Aurora Mendonça;autorizado
WEG8H51;Sra. Alexia da Costa;não autorizado
GSJ8G33;Anthony Gabriel Lima;não autorizado
WYK2H36;Danilo Silva;não autorizado
EZB5B27;Rafael Mendonça;autorizado
JSN9H29;Sra. Lunna Barbosa;não autorizado
QRY0X88;Lucas Leão;não autorizado
TJP1Z90;Sr. Léo Pires;autorizado
VMI4Q47;Sr. João Pedro Novaes;autorizado
OTB8S21;Hadassa Ferreira;não autorizado
HYK7Z58;Arthur Miguel Souza;autorizado
LWX9J14;Thales Nogueira;autorizado
DNW6S39;Sra. Maitê Pacheco;não autorizado
YAH2T36;Dr. João Lucas Sales;não autorizado
EJW8L15;Letícia Casa Grande;autorizado
SVF6P09;Aurora Moreira;não autorizado
PBD8K68;Maria Clara Ramos;não autorizado
WXC7F08;Mathias Abreu;autorizado
JRI9Q58;Nina Peixoto;não autorizado
EKN5E63;Sra. Natália Ramos;autorizado
LLT4Q70;Sra. Alícia Ramos;não autorizado
FAB2J24;Helena da Mota;autorizado
RGV9N91;Eloá Dias;autorizado
MXH0I88;Ísis Caldeira;não autorizado
FFS3A09;Yuri Alves;autorizado
LMI1Z33;Noah Almeida;autorizado
VWO5Y32;Marina Almeida;autorizado
IAY7U24;Gabriela Casa Grande;autorizado
NEU5H75;Emanuel Caldeira;autorizado
VYR8M47;Eloá da Mota;autorizado
ZBV8U94;Liz Oliveira;autorizado
ZWT8C01;Maria Flor Cavalcanti;não autorizado
FKI7N12;Liam Cunha;não autorizado
GQP4L90;Alana Nogueira;não autorizado
PUD0S10;João Gabriel Cavalcante;não autorizado
EKZ6O05;Sr. Luiz Miguel Mendonça;não autorizado
ACE2X83;Bryan Freitas;não autorizado
YEX5T11;Isabelly Farias;autorizado
KWS3F92;Dr. Theo Machado;não autorizado
GFL5N80;Elisa Pires;autorizado
TVE9N58;Luísa Sampaio;autorizado
DVG5T34;Yago Rodrigues;não autorizado
IOT9Z16;Luigi Lopes;não autorizado
UGK6L55;Gael Henrique Caldeira;autorizado
CHR8O20;Davi Lucca da Costa;não autorizado
QXA9V98;Dr. Noah Barbosa;não autorizado
EVV1I46;Maria Laura Fonseca;autorizado
JPP7A43;Lucca Viana;autorizado
EKJ1P35;Dra. Sofia Campos;não autorizado
GZS1G87;Theo da Costa;não autorizado
TEO0R85;Josué Freitas;autorizado
COI8H40;Ana Beatriz Ferreira;não autorizado
OGY4U84;Ana Vitória Cavalcanti;autorizado
NPH5D95;Milena Costa;não autorizado
TDX6A35;Erick Pimenta;não autorizado
LZR2T29;Lucca Machado;não autorizado
GDD7K52;Dra. Bella Vargas;não autorizado
AJE5S22;Maria Laura Macedo;não autorizado
OLP9G55;Ravy Sales;não autorizado
FCZ3Q83;Maria Flor Duarte;não autorizado
ANF7E67;Caio da Paz;não autorizado
EZQ1P67;José Miguel Mendonça;não autorizado
ANI3Q76;Caleb da Mota;não autorizado
FBJ8Q60;Thomas da Mota;autorizado
MAT5R53;Dr. Thales Fonseca;não autorizado
XSK1H33;Dra. Mariana da Mota;autorizado
LUX3K51;Murilo Vargas;autorizado
QEG0T63;Vitor Sales;autorizado
GRC8W47;Ana Cecília das Neves;autorizado
OCC7H49;Luiz Fernando Peixoto;autorizado
RPJ5V07;Isaac da Conceição;não autorizado
OGA0R24;Helena Barbosa;autorizado
WKN8K09;Bento da Mata;não autorizado
ARW6N22;Ryan Cirino;autorizado
PRC4G41;Pedro Lucas Ramos;autorizado
GSS1H93;Bella Mendes;autorizado
NFB2X01;Dra. Rebeca Freitas;não autorizado
WUE4Z19;Renan Souza;não autorizado
AQQ0O32;Maria Isis Sales;autorizado
KTN3J20;Rafael Costela;não autorizado
YPN3O88;Eloah Aragão;não autorizado
OIP2R96;Lívia Melo;não autorizado
HSK0Y76;Sr. Raul Campos;autorizado
PPW1Z74;Vitor Hugo Albuquerque;não autorizado
QGS1J41;Gustavo Henrique Vasconcelos;não autorizado
YFA6Y51;Júlia Barbosa;não autorizado
VUY5O27;Sr. Emanuel Aragão;não autorizado
LPF1C02;Pedro Henrique Rocha;não autorizado
SQU6V10;Benicio Pastor;autorizado
WOB4U97;Brenda Cavalcante;autorizado
ZXX5S71;Maria Luísa Rocha;não autorizado
MKI8S00;Daniel Pires;autorizado
PLD1S92;Giovanna Gonçalves;autorizado
AVB1R75;Enrico Santos;autorizado
KLL8J26;Sr. Ravi Sousa;não autorizado
EFU1V90;Aylla Rodrigues;não autorizado
QCQ8W59;Calebe da Costa;não autorizado
RZY9V44;Bella Santos;não autorizado
XRQ7H36;Luiz Gustavo Sales;não autorizado
YXO2G04;Camila Abreu;não autorizado
FOK2N43;Luigi da Costa;autorizado
DIN9E55;Sr. Bento Rodrigues;não autorizado
BTH4R59;Dra. Isabela da Cunha;não autorizado
TYB9X92;Yan Sousa;autorizado
AHM3C14;Noah da Cruz;não autorizado
TYS0C54;Thomas Jesus;não autorizado
RRR7O86;Marcelo Caldeira;autorizado
MAF1O99;Dra. Mariane Lopes;autorizado
FAB4O77;Srta. Cecilia Vieira;autorizado
TGS3L39;Pedro Cardoso;não autorizado
OFC6U62;Ravi Campos;não autorizado
JZZ1A74;Dra. Bárbara Moraes;não autorizado
GCO9B87;Eduarda Sampaio;autorizado
KFH3C62;Gabrielly Rezende;autorizado
LXY6B67;Aylla Mendonça;não autorizado
BQD7N59;Ryan Moraes;não autorizado
YBV6B13;Ayla Sousa;não autorizado
NXH0H96;Luiz Miguel Monteiro;autorizado
TKR1W92;Esther Aparecida;não autorizado
OSX0X61;Sr. Danilo Castro;autorizado
KPK8B68;Sra. Nina Aparecida;autorizado
KJU2P16;Vinicius Monteiro;autorizado
END0Y49;Eduardo Cunha;autorizado
GLL6B59;Carolina Sampaio;não autorizado
IIO6O71;Heloísa Mendonça;autorizado
GFI4F50;Sara Pacheco;não autorizado
EKD8B36;Caroline Oliveira;autorizado
VMS2T16;Eloá Nunes;não autorizado
LKU6F09;Bruna Costela;não autorizado
SYJ6X54;Laís Dias;não autorizado
WKF5E54;Kaique Campos;autorizado
SWZ9W29;Ravi Lucca Cavalcanti;autorizado
ZMP4H54;Olivia Nunes;autorizado
GAF3Y22;Bryan Farias;não autorizado
LUG4X41;Eloah Rodrigues;não autorizado
EIQ9N38;Gustavo Jesus;não autorizado
ZDB7E97;Isabel Melo;não autorizado
OMR3P18;Alícia Fogaça;não autorizado
NDY6R07;Theodoro Cassiano;autorizado
IYR3C26;Srta. Ágatha da Cunha;não autorizado
UAN6G20;Lorena Carvalho;autorizado
WQI9C55;Dr. Samuel Mendonça;não autorizado
AAO3R58;Gabriela Marques;não autorizado
GKM7Q08;Henry Gabriel Dias;não autorizado
MVN3R28;Srta. Hadassa Costa;não autorizado
UJT7T32;Josué Andrade;autorizado
YNT4H04;Sophia Barros;autorizado
GLE1T13;Dr. Alexandre Abreu;não autorizado
DEW3L11;Diogo Andrade;não autorizado
JVY9N25;Ayla da Rocha;autorizado
VZR2L49;Anthony Gabriel Pinto;não autorizado
UVX4M90;Bruno Peixoto;autorizado
NOF0M34;Thomas Oliveira;autorizado
UGN7U76;Juan Carvalho;não autorizado
OMB8I34;Hadassa Gomes;autorizado
ZEP7J67;Brenda Aparecida;não autorizado
EDU4A18;Sr. Joaquim Correia;não autorizado
XCG6Q02;Isaac Andrade;não autorizado
CDS5S35;Thales Vieira;não autorizado
ZIR4A64;Nicolas Aragão;não autorizado
YSO2C06;Maria Helena Correia;autorizado
QWJ2S05;Melina Lima;não autorizado
YLD3V90;Sr. Calebe da Costa;autorizado
BTU9S73;Luiz Fernando Alves;não autorizado
GJU8C24;Ana Luiza Fogaça;autorizado
OLY8A36;Lorena Silva;não autorizado
EHX7W61;Alícia Leão;autorizado
JYQ3G39;Kevin Pires;autorizado
XDZ9C51;Srta. Ana Clara Macedo;autorizado
DFT6Q89;José Miguel Novaes;não autorizado
EIU2O05;Maysa das Neves;autorizado
GIT7C49;Marcelo Garcia;autorizado
FMI5E80;Fernanda Araújo;não autorizado
ZUB1M08;Letícia Pacheco;autorizado
HDP4F19;Olívia Moura;autorizado
ZIW2E33;Ana Laura da Cunha;não autorizado
DRT5O47;Mariah Macedo;autorizado
JCR1F32;Vinicius Rezende;autorizado
LPW5H09;Eloá Melo;não autorizado
DUO6K65;Murilo Pereira;autorizado
OJL0X23;Rafael Albuquerque;autorizado
UYH5O79;Thiago Fogaça;autorizado
JXJ0M68;Dr. Yago Costa;não autorizado
HYC2F80;Valentim Aragão;não autorizado
LFO5C11;Sr. Vitor Hugo Albuquerque;autorizado
QYS1H23;Miguel Cardoso;autorizado
EOB8Z21;Dra. Maria Flor Peixoto;não autorizado
DOK4K25;Ana da Rosa;autorizado
ADR1J15;Liz Leão;não autorizado
QBR1V45;Nicolas Albuquerque;não autorizado
EOC9W08;Laura Pacheco;autorizado
RMA0O70;Gustavo Henrique Moraes;não autorizado
ECX1F04;Lunna da Mata;não autorizado
GGP9R02;Laís Pimenta;não autorizado
BJZ8R30;Matheus Aparecida;não autorizado
KXR9R83;Maria Júlia Andrade;autorizado
KPZ3C94;Yuri Nunes;autorizado
EXG5I27;Sr. Kevin Pires;não autorizado
CBK4O97;Dra. Brenda Freitas;não autorizado
IJZ9Z88;Dom Cardoso;não autorizado
ZVG3N73;Henry Araújo;não autorizado
QRV4A40;Júlia Melo;não autorizado
YAI9Z42;Maria Vitória Nogueira;autorizado
DSO5Y34;Bruna Pereira;autorizado
AFU1B47;Otávio Dias;não autorizado
LZQ7H92;Sra. Letícia Aragão;não autorizado
LXK9I48;Laís Pastor;não autorizado
VYW5C35;Alexandre Novais;não autorizado
GVV6F52;Kamilly Moraes;não autorizado
SON1H63;Asafe Montenegro;não autorizado
CLT4F27;Dom Rios;não autorizado
MHC1W54;Ravi Garcia;não autorizado
TGX1P07;Sr. Leonardo Melo;não autorizado
DQQ2P44;Enzo Nascimento;não autorizado
YTT0P48;Dr. Luiz Henrique Jesus;autorizado
TJJ1X90;Davi Lucca Fogaça;autorizado
YJE5K21;Sr. Pedro Henrique Dias;não autorizado
BWT5U07;Arthur da Mata;autorizado
HDC6T69;Dra. Nina Freitas;autorizado
UBS6G71;Isabel Lopes;autorizado
WTI9Q21;Anna Liz Garcia;autorizado
PYL5Q63;Dr. Pedro Mendonça;autorizado
IXW5I52;Nicole Nogueira;não autorizado
QKM4N41;Clara Castro;autorizado
ULQ7N16;Daniel Peixoto;não autorizado
OYR3Z46;Ágatha Barros;não autorizado
ECM4P62;Gabrielly Souza;não autorizado
JGF3R52;Hadassa Marques;não autorizado
TTN4M57;Ana Liz Sá;autorizado
LSQ7E01;Sara Almeida;autorizado
PRG9F11;Dra. Alice Souza;não autorizado
PLB1Z42;Nina da Rosa;não autorizado
BRU6T23;Daniela Correia;não autorizado
ZVQ5Q96;Davi Viana;autorizado
ENE4F30;Sra. Melissa Macedo;autorizado
JPN6H28;Zoe da Cruz;não autorizado
ZSK0Z55;Dr. Henry Gabriel Oliveira;autorizado
RUT5V52;Erick Guerra;autorizado
BZU9O80;Gustavo Henrique Fernandes;não autorizado
KIR8H98;Isaque da Conceição;autorizado
GMB4F75;Bernardo Teixeira;não autorizado
KVX2O22;Arthur Gabriel da Rosa;autorizado
RIN4S51;Rebeca Pimenta;não autorizado
MKD0V56;José Miguel Vieira;não autorizado
NQK9L27;Marcos Vinicius Teixeira;autorizado
QOC4G27;Dr. Danilo Barbosa;não autorizado
TSA6R28;Srta. Ana Julia Lopes;autorizado
SUM1T06;Sr. José das Neves;não autorizado
CNR1M41;Ester Aparecida;autorizado
ENX3T21;Arthur Gabriel Dias;não autorizado
PGV4X93;Ana Cecília Vasconcelos;autorizado
UYX3C87;Bárbara Fernandes;não autorizado
BEB9N17;Theodoro Siqueira;não autorizado
EMU9R09;Evelyn Sales;não autorizado
UMX9D72;Dr. Ravi Lucca Pacheco;autorizado
HNZ3Z91;Lorena Cavalcanti;não autorizado
RRL4A95;Gustavo Duarte;não autorizado
MCC2Y18;Isaac Pacheco;não autorizado
VER9T15;Dr. Gael Henrique da Rocha;autorizado
SIH7B97;Sra. Isabelly Lima;não autorizado
DYI6P44;Pedro Moreira;não autorizado
FEJ5I28;Sr. João Guilherme da Mata;não autorizado
EXE2O37;Maria Sophia Nogueira;não autorizado
YEC5N46;Gustavo Siqueira;autorizado
OVE3W40;Sr. Eduardo Camargo;não autorizado
OPS9X26;Daniela Pastor;autorizado
DTM0E93;Manuella Vargas;não autorizado
ZYH9P91;Nicole Pinto;autorizado
DJU0S68;Miguel Lopes;não autorizado
HYM3X87;Francisco Porto;não autorizado
YYX3Y02;Sara Alves;autorizado
QOD5F26;Fernando Mendonça;não autorizado
XZB2B09;Léo da Paz;não autorizado
MJN8O77;Calebe Souza;não autorizado
XYD6S30;Noah Pacheco;autorizado
QFF4F05;Dr. Gustavo Henrique das Neves;autorizado
MUR3D64;Júlia da Conceição;autorizado
BPV1T07;Davi Lucca Rodrigues;autorizado
MYV6A00;Kevin Sousa;não autorizado
TGU9X60;Emanuel Monteiro;autorizado
DUA7Q78;Ana Luiza Pimenta;autorizado
QFJ6U27;André Duarte;autorizado
AAJ2T14;Henry Gabriel Nunes;não autorizado
NQD5G99;Maya Moraes;autorizado
RLF4U72;Agatha Sá;não autorizado
ZKV1R75;Vitória Rodrigues;não autorizado
FPT6R74;Sr. Valentim Vargas;não autorizado
EVL0N72;Eloá Vieira;não autorizado
ZWK9N63;Ayla Campos;autorizado
REY6W54;Manuella da Costa;autorizado
RVA3E28;Lorenzo Macedo;autorizado
XMV7O07;José Pedro Castro;autorizado
ZLW4Z97;Lívia Correia;não autorizado
RBF9V13;Noah Pinto;não autorizado
DVZ7W88;Carolina Carvalho;autorizado
XSM0S28;Dr. André Rocha;não autorizado
PRC5K43;Dr. Breno Cirino;autorizado
SHL7P95;Pedro Lucas Farias;autorizado
YBA6A90;Srta. Luiza Sousa;autorizado
MGS1L95;Luana da Mota;não autorizado
PKI5B55;Davi da Rosa;não autorizado
UEY1F92;Enzo Gabriel Albuquerque;não autorizado
FOB0R81;André Cassiano;autorizado
DYR5C69;Ana Sophia Ferreira;autorizado
UDN6Q64;Giovanna Novaes;autorizado
PVQ0N53;Juan Guerra;não autorizado
SCD3N52;Sra. Manuela Macedo;autorizado
JJV5H09;Bento Monteiro;autorizado
TVD1O10;Carlos Eduardo Brito;não autorizado
DOV1X85;Ana Laura Jesus;autorizado
EDC7C44;Erick Correia;autorizado
JIR8I40;Mariah Campos;autorizado
ALC1R67;Catarina Oliveira;não autorizado
CAF7K78;Dra. Bianca Alves;não autorizado
RLD8U67;Joaquim Brito;autorizado
BHV7X63;Asafe Machado;autorizado
NGL2C39;Liam Cavalcante;não autorizado
SAC7P29;Fernando Ramos;autorizado
AXZ3R72;Srta. Carolina Albuquerque;autorizado
ZWW8S30;Ana Carolina Moura;autorizado
NXF0T94;Kamilly Martins;não autorizado
PNA6D04;Maria Fernanda Porto;autorizado
XCI8E39;Sr. Luiz Felipe Peixoto;autorizado
MOZ2W23;Fernanda da Cruz;não autorizado
BER1Q54;Benjamin Abreu;autorizado
OCI1G05;Luan da Mata;autorizado
UUR5X64;Nina Sampaio;não autorizado
ATU2R62;Eloah Macedo;autorizado
NPQ8O93;Marina Abreu;não autorizado
NQI4T52;Bento Camargo;não autorizado
DCS8U69;Bento Correia;autorizado
PXX5H88;Dr. Levi Cirino;não autorizado
DBA6B58;Dr. Brayan da Rosa;não autorizado
WVL2B87;Luiz Henrique da Paz;autorizado
NAF9K48;Kaique Almeida;autorizado
IXT2G99;Maysa da Costa;não autorizado
QCK8G81;Ana Julia Cirino;não autorizado
CCO7D02;Enzo Gabriel Barbosa;autorizado
HXN6H29;Helena Leão;não autorizado
BGH7G49;Juliana Guerra;não autorizado
RTY1Q79;Júlia da Conceição;não autorizado
IPN1N03;Mirella Azevedo;autorizado
BMA0L65;Marina Pinto;autorizado
GRH6G17;Dra. Maria Júlia Campos;autorizado
YNS9K87;Maria da Cunha;autorizado
KNC4R86;Stella Castro;não autorizado
DDF3B15;Sarah Teixeira;não autorizado
FRF4K33;Oliver Almeida;autorizado
DMS8Q22;Ravi Lucca Pires;não autorizado
KLM0M08;Vitória Ramos;autorizado
LGO5S86;Rafaela Novais;autorizado
RVS2O42;Sra. Clara Fernandes;autorizado
BAB5T92;João Miguel Barros;não autorizado
OYV1L13;Pedro Miguel Cirino;autorizado
JWJ3X74;João Gabriel Nogueira;autorizado
XTL0G66;Srta. Cecilia Novaes;não autorizado
IJU8T59;Gael Souza;não autorizado
GGD3R81;João Vitor Oliveira;autorizado
GAL4P28;Pedro Sá;autorizado
YDN7A59;Pedro Lucas Pimenta;não autorizado
JSF1V21;Gustavo Pereira;autorizado
WGX4P75;Gabriela Vieira;autorizado
ADC1B57;Enzo Gabriel Castro;não autorizado
PYJ8Q16;Evelyn Teixeira;autorizado
MQI4I49;Maria Cecília Rezende;autorizado
XKZ0J85;Valentim Cassiano;autorizado
LFH3Y06;Miguel Duarte;autorizado
DCI1E14;Catarina Garcia;autorizado
PXL3Q38;Henry Gabriel Camargo;não autorizado
YOE2E09;Dra. Maria Helena Araújo;não autorizado
HSA2J94;Cecília Sampaio;autorizado
JLZ8Y35;Zoe Peixoto;autorizado
XRI4B11;Evelyn Nunes;não autorizado
VQV2T64;Davi Silva;autorizado
CYQ3O86;Isabela Silva;autorizado
ZAQ6R98;Sra. Luana Pinto;autorizado
WAS5Y82;Sra. Melina Guerra;autorizado
FLC0G36;Maria Vitória Costa;não autorizado
THS8U12;Léo Cirino;não autorizado
IRF1Q24;Joaquim da Luz;não autorizado
NZF2X52;Joana da Paz;autorizado
BWC4H24;Marcelo das Neves;autorizado
EBW2X50;Lavínia Casa Grande;autorizado
WQS3N73;Srta. Ana Carolina Vasconcelos;autorizado
UVB1N89;Juan Pinto;autorizado
HFJ6M04;Gabriel Nascimento;autorizado
SGL2F85;Sr. Yago Borges;não autorizado
JCZ4R51;Luan Azevedo;autorizado
CGV3F99;Gabriel Peixoto;não autorizado
LQT3D53;Gael Nogueira;autorizado
DAC5C64;Dra. Maria da Conceição;autorizado
YKI1T81;Evelyn Ramos;autorizado
YJX1W56;Cecília Vieira;não autorizado
SKJ7I63;Maria Sophia Alves;não autorizado
VLZ7B73;Maria Luísa Melo;autorizado
JWJ1X35;Theo Novaes;não autorizado
PYO9I76;Ravi Vieira;autorizado
NSL6D61;Ana Clara Alves;autorizado
ZND6P21;Melina Pastor;autorizado
VKL0Z63;Melina da Paz;não autorizado
ABC1L16;Anna Liz Cunha;autorizado
QJK4N43;Brenda Guerra;não autorizado
FVT9G31;Enzo Fernandes;autorizado
WTJ4K45;Vinicius Sá;autorizado
KBK9R40;Camila Carvalho;autorizado
AZJ1B32;Dr. Leandro Almeida;autorizado
TVC4T84;Davi Luiz Santos;autorizado
ZAT4B53;Luiz Otávio da Mota;autorizado
CYB9S71;João Guilherme Moreira;autorizado
TZI4N37;Ester Garcia;não autorizado
XRI0T74;Erick da Conceição;não autorizado
YZP1M29;Dra. Stella Oliveira;autorizado
MHP1Z64;Bruno Lima;autorizado
JNG1X78;Sr. Vicente Pereira;autorizado
YDT6B48;Eloah Araújo;não autorizado
ZEY9A27;Isabella Fernandes;autorizado
UEP0J91;Maria Isis Aparecida;autorizado
GCO5Q75;Guilherme Sá;não autorizado
ZLW8O22;Dom Cavalcanti;não autorizado
CIR3A83;Vinicius Marques;autorizado
FDM6O04;Ana Carolina Silva;não autorizado
BSS8C11;Henrique Rocha;autorizado
QHB3M06;Danilo Cunha;não autorizado
MNT4O02;Aurora Machado;não autorizado
SHR1R04;Alícia Ribeiro;autorizado
WKT6J38;Pietra Barros;não autorizado
DHM6J32;André Araújo;não autorizado
BVD5F03;Eloah Araújo;não autorizado
UGE9C89;Cecilia Alves;não autorizado
ILQ5Y86;Maria Vitória Oliveira;não autorizado
IGU1E93;Nathan Caldeira;autorizado
DML8Y86;Carolina Machado;não autorizado
DHJ4U67;Sra. Maria Flor Cavalcanti;não autorizado
KUI3Q47;Sr. Théo Castro;não autorizado
GJA0I84;Emanuella Gonçalves;não autorizado
HLO8L80;Davi Lucas Moura;autorizado
XFH1X60;Vicente da Costa;autorizado
CRA1E66;João Pedro Montenegro;não autorizado
JZK5T37;Ester Carvalho;não autorizado
DGB2I31;Asafe Vargas;autorizado
HZW6I65;Vicente Melo;não autorizado
RRI4T78;André Camargo;autorizado
ZZD2D54;Cecília Machado;autorizado
LDN0J46;Laís Silveira;autorizado
RCL1K86;Maria Eduarda Azevedo;não autorizado
XWA1O36;Dr. Vinícius Andrade;não autorizado
GGA5U80;Dra. Gabrielly Caldeira;autorizado
MHB6J45;Sra. Evelyn Cavalcante;não autorizado
BYA3G33;Luiz Henrique Vargas;autorizado
WHO4L18;Daniela Camargo;não autorizado
GIS3N76;Felipe Almeida;não autorizado
WRZ5Q74;Fernanda Ramos;autorizado
IDI5U41;Ian Barbosa;não autorizado
GTY5P70;Ana Luiza Moura;autorizado
GKF6H24;Murilo Barros;autorizado
NNZ0X83;Maysa Martins;não autorizado
CNC5N68;Benicio Cirino;não autorizado
SYY0G62;José Macedo;autorizado
GAN1N40;Beatriz Moreira;autorizado
VWH5G13;Ryan Gomes;não autorizado
YBU3G55;Maria Luísa Vasconcelos;não autorizado
KSO2N71;Dra. Marcela Leão;não autorizado
PIV2K69;Calebe Leão;autorizado
ULT3E31;Ester Costela;não autorizado
CAP6X81;Fernanda Pires;autorizado
KWB0U36;Luigi Cassiano;autorizado
MRQ3Q09;Fernanda Costa;não autorizado
SKF8G95;Pedro Henrique Rocha;autorizado
PDO0L78;João Felipe Novaes;autorizado
GCF5C67;Bernardo Lima;autorizado
FHQ3Q30;Maria Alice da Mota;autorizado
USY9H56;Arthur Barros;não autorizado
DEP4W66;Léo Jesus;não autorizado
WBS4U73;Isabella Costela;autorizado
JHL3C58;Benjamim Casa Grande;autorizado
PJV7L02;Maria Rios;autorizado
HYJ6L96;Ayla Vieira;não autorizado
QOO2F61;Dr. Isaac das Neves;não autorizado
RVO9N09;Bento Barbosa;não autorizado
ZYU7K34;Daniela Machado;não autorizado
DHT3P14;Miguel Cunha;não autorizado
UWB4K40;Anna Liz da Cunha;não autorizado
TRG4F53;Maysa Sá;não autorizado
IOR4P50;Dra. Maria Julia Peixoto;autorizado
JJI4U14;Daniela Fonseca;autorizado
CRR9B34;Rodrigo Pacheco;autorizado
DKJ3K67;Francisco Sales;não autorizado
NAC3P08;Ester Sousa;autorizado
RRB6Y92;Rafael Sales;autorizado
CAO7B54;Ana Laura Santos;autorizado
HCD4K48;Lucas Gabriel Barbosa;não autorizado
LMF7I24;Cecília Barbosa;não autorizado
KZW8J79;Carlos Eduardo Gomes;autorizado
JFV0R83;Brenda Ferreira;autorizado
CQM9Q14;Dr. Luiz Felipe Guerra;não autorizado
QZX5H68;Luiz Fernando Camargo;não autorizado
OCM1M03;Hadassa Novaes;autorizado
IRJ1J61;Arthur Miguel Correia;não autorizado
WZR8L38;Maria Isis Viana;não autorizado
KYN9G87;Dr. Miguel Lima;autorizado
FYR2Y37;Lucas da Paz;não autorizado
EKJ5G84;Daniel Almeida;autorizado
BXE0O72;Dra. Beatriz Freitas;não autorizado
HUD1Q77;Valentina Porto;autorizado
VVZ7E51;Mariah Melo;autorizado
PAZ8N87;Antonella Barros;autorizado
CZA5C09;Pedro Miguel Aparecida;autorizado
RYU5N27;Emanuella Freitas;autorizado
GBS0A08;Luiza Sousa;autorizado
NAU1W94;Marcelo Vieira;autorizado
OUX4F08;Dr. Isaque Monteiro;não autorizado
UGY2Z29;Anthony Andrade;não autorizado
PIZ6K53;Apollo Jesus;não autorizado
VVO1X66;Nathan Garcia;autorizado
TNP3L39;Kamilly Montenegro;autorizado
BVV3Y48;João Gabriel Carvalho;não autorizado
JHD6Z06;Gustavo Vargas;não autorizado
XLP3R01;Ravy Leão;não autorizado
XFG5Y87;Sra. Allana Freitas;autorizado
SKF1E99;Hellena Almeida;não autorizado
NWH1O89;Pedro Miguel Freitas;autorizado
HXO1N45;Maria Flor Porto;não autorizado
CNX4F36;Rhavi da Cunha;autorizado
ZZX2F90;Lívia Nogueira;autorizado
VEH0B03;Brenda Camargo;autorizado
OOI4W41;Ester Ramos;não autorizado
PZJ1P63;Zoe Guerra;autorizado
QSW4T26;Lívia da Rocha;não autorizado
AQF4G19;Mirella da Costa;autorizado
FYF2W43;Laura Fonseca;não autorizado
ZAK9H71;Calebe Vasconcelos;não autorizado
CDR7A17;Apollo Siqueira;autorizado
TKZ5C78;Ravi Almeida;não autorizado
PFB5F86;Ravy Sousa;autorizado
CNX6L86;Dr. Yago Rios;não autorizado
UNK6X91;Nina da Rosa;autorizado
DEU8X85;Amanda da Luz;não autorizado
ZKK4W58;Yan Monteiro;não autorizado
AQT3O55;Dr. Noah Sampaio;autorizado
ZSW4A86;Sra. Olívia Rodrigues;autorizado
JOB0C56;Sra. Maria Oliveira;não autorizado
XMO3O41;Vinícius Silveira;não autorizado
DLQ1A90;Rafaela Ferreira;não autorizado
PHI7J69;Emilly da Rosa;autorizado
ZVP5I69;Fernanda Dias;autorizado
CZR4C13;Emanuel das Neves;não autorizado
ZHK6A45;Yasmin Sousa;autorizado
RHH7T61;Maria Camargo;não autorizado
QHZ4W01;Lucas Gabriel Leão;autorizado
IEV0N16;Breno Duarte;autorizado
NWC1L49;Alexandre da Cunha;autorizado
WHI2U51;Sophie Ferreira;autorizado
XMM0I85;Liam Leão;autorizado
ITQ7X36;Evelyn Pimenta;autorizado
JAY2E94;Dra. Isis Siqueira;autorizado
ABR9M61;Dra. Yasmin Duarte;autorizado
KTM6W64;Gabriel Aparecida;não autorizado
RFA0J25;Oliver Cardoso;autorizado
MLM2V55;Luiz Henrique Gomes;autorizado
FEA7K34;João Guilherme Freitas;autorizado
NGI7K34;Erick Porto;autorizado
NJW9P58;Heloísa Camargo;não autorizado
GQJ1S62;Dra. Eloah da Conceição;autorizado
IYG8A15;Maitê Pimenta;autorizado
WSG1X12;Bianca Peixoto;autorizado
WFF9W15;Ana Julia Nogueira;não autorizado
MSX6N10;Sara Duarte;autorizado
NVZ3O62;Bruna Farias;autorizado
YMO6T17;Bruna Costela;autorizado
WJW3E39;Sr. Erick Aragão;não autorizado
JTJ5V36;Sra. Eduarda Almeida;autorizado
UYV2B46;Julia Sampaio;não autorizado
NND0L90;Sr. Yago Silva;autorizado
LIT1Y15;Luiz Fernando Novaes;autorizado
NSF1O35;Raul Leão;não autorizado
JQC8L06;Allana Nogueira;autorizado
KTZ4F25;Théo Lopes;não autorizado
YHK8N58;Sr. Antônio Correia;autorizado
UYL0U98;João Felipe Souza;não autorizado
RDW1W62;Ana Luiza Silva;não autorizado
CRI6O10;Julia Pastor;não autorizado
VXE5O61;Lavínia Porto;não autorizado
RWG2H61;Francisco Martins;autorizado
NTY5T15;Srta. Heloísa Viana;autorizado
OWL4O77;Vinicius da Luz;não autorizado
CWR4Y88;Dr. Gabriel Fernandes;autorizado
APD1M22;Jade Sales;autorizado
VLA9G65;Matheus Ferreira;autorizado
YRJ0U20;Manuella da Mota;autorizado
SSP4Z92;Pedro Henrique da Rocha;autorizado
GRC2G45;Isaac Fonseca;autorizado
UOQ2C54;Antony Melo;autorizado
UPX9G21;Thiago Viana;autorizado
CYR4L40;Maria Vitória Albuquerque;não autorizado
JOT1J56;Maria Sophia Porto;autorizado
MUK6D74;Luiza Pinto;não autorizado
UHX9G87;Bruna Vieira;autorizado
HIS0L08;Eduardo Fonseca;autorizado
CQD7Z13;Bernardo Rocha;autorizado
ODC7R66;Maria Cecília Abreu;não autorizado
VBN3A40;Larissa da Rocha;autorizado
SKF9S91;Sophie Santos;autorizado
RKB8W79;Letícia Souza;não autorizado
JIZ5J80;Heloísa Camargo;não autorizado
MSO3D30;Sr. Arthur Ferreira;não autorizado
BRI1I51;Dra. Maya Guerra;autorizado
BLP0R76;Thomas Cardoso;autorizado
IPU1X79;Liam Correia;autorizado
OBF9B10;Sarah Lima;autorizado
IEH1J11;Ester Pereira;não autorizado
VTG8Y72;Ayla Rocha;autorizado
EKI8A08;Gustavo Henrique Lima;não autorizado
RES7Y22;Helena Rocha;não autorizado
KUM3D51;Jade Moreira;não autorizado
FLT1B70;Augusto Vasconcelos;autorizado
BXE4A89;André Cassiano;não autorizado
EJE1N53;Maria Liz Leão;não autorizado
JFR6N66;Ester Gonçalves;não autorizado
IFR5A35;Caleb Rios;autorizado
NUD9G39;Rodrigo Pimenta;autorizado
SGB9H45;Evelyn Borges;autorizado
YFG2N00;Ayla Sales;autorizado
YUG9J98;Sarah da Conceição;autorizado
IVE9U22;Catarina Fernandes;não autorizado
FIA9I53;Bárbara da Cunha;não autorizado
XHS3I27;Arthur Freitas;autorizado
WGY1H77;Sra. Isabella Rocha;não autorizado
URC5J87;Theo Pimenta;autorizado
NOH4L26;Lavínia Costela;não autorizado
QZC6N70;Anthony Gabriel Brito;autorizado
MUC0U95;Pietra Mendes;autorizado
GTD5A29;Anna Liz Cavalcante;autorizado
HFY4H21;Davi Lucca Pacheco;autorizado
YGW4M77;Ravi Costela;autorizado
KBR1D58;Dom Araújo;autorizado
IST9U25;Enrico Abreu;autorizado
MZR8T99;Srta. Maria Isis Novais;autorizado
EJV7U62;Rafaela da Conceição;autorizado
LUK2M82;Enzo Pires;autorizado
CBG0Y50;Pietra Cavalcanti;autorizado
HSW6G05;Ísis Gonçalves;não autorizado
QHF2Y93;Isis Moura;não autorizado
AJK5R25;Ana Beatriz Silveira;autorizado
NOU1J75;Hellena Aparecida;autorizado
EBO4M26;Ayla Caldeira;não autorizado
SLT4Y78;Giovanna Azevedo;não autorizado
LFC0O92;Bianca Guerra;autorizado
KHK6Z79;Danilo Porto;não autorizado
WIC6N54;Brayan Mendes;autorizado
HVS3Q24;Gustavo Vasconcelos;não autorizado
HMV7O69;Sr. Léo Jesus;não autorizado
UIW0M93;Catarina Fogaça;não autorizado
JGD3T15;Anthony da Mata;autorizado
IJC7T72;Eloá Rios;não autorizado
FSL0C66;Maria Luiza Nunes;autorizado
JCL8I34;Matheus Pacheco;autorizado
GUL0L39;João Gabriel Vasconcelos;autorizado
DTN8M33;Dr. Marcos Vinicius Pimenta;não autorizado
TRQ9A95;Ana Sophia Cunha;não autorizado
CLL2K01;Pedro Moura;não autorizado
QUM5K47;Srta. Maria Eduarda Albuquerque;não autorizado
RUW3Q45;Nina da Mata;autorizado
LJJ1H85;João Ferreira;não autorizado
GFQ1F33;Anna Liz Rezende;não autorizado
YLT9F27;José Cirino;autorizado
MKZ4I06;Diego Montenegro;não autorizado
GDJ9P69;Pietro Cavalcanti;autorizado
OBU8U22;Luigi Melo;não autorizado
DVU6T48;Luiz Henrique da Mota;não autorizado
KEY5U98;Juan Marques;não autorizado
MBQ5V91;Ana Luiza Sá;autorizado
RSK2I73;Théo Costa;não autorizado
REI8A81;Bianca Cavalcanti;não autorizado
FZD6A17;Benjamin Lima;não autorizado
HPZ8T64;Thiago Nascimento;não autorizado
OTA2W23;Srta. Maria Cecília Araújo;autorizado
KJL5T19;Mathias Novais;autorizado
DOB7V86;Maria Fernanda Pereira;autorizado
RZN3B26;Nicolas Macedo;autorizado
TBU6L39;Gael Fogaça;não autorizado
HLA7Z36;Léo Jesus;não autorizado
EHS0N95;Yan Nogueira;autorizado
DCB3A60;Srta. Maria Laura Lima;autorizado
AJN3E11;Otto Duarte;não autorizado
AXZ0M42;Nicolas Pimenta;autorizado
LEW9U62;Beatriz Nascimento;não autorizado
ZMY5S18;João Lucas Costela;não autorizado
RBF9N86;Rhavi Rezende;não autorizado
PYS8J75;Luara Gonçalves;autorizado
IGM8D13;Cauã Cavalcante;autorizado
MSF3O45;João Vitor da Rosa;autorizado
BCN1T47;Clarice Nascimento;autorizado
UIM7T20;Sra. Gabriela Marques;não autorizado
QCK1U36;Lunna Ramos;autorizado
IHD0S04;Hadassa Camargo;não autorizado
GSH2J52;Dra. Sophie Montenegro;não autorizado
OHL6Y05;Dra. Sarah da Costa;não autorizado
TAY5X12;Manuella Costela;não autorizado
AQI0R69;Manuella da Mata;autorizado
IYR0D36;Apollo Sá;não autorizado
PPU7K48;Luigi da Costa;autorizado
SZD4K40;Ana Clara Rezende;autorizado
OHU3T25;Ravy Pastor;autorizado
LQZ3T37;Davi Lima;autorizado
KIN6T24;Raul Cavalcante;não autorizado
FAG1R39;Dr. Arthur da Conceição;autorizado
FNP3J12;Bella Viana;não autorizado
KNT8C34;Sara Aparecida;autorizado
ZTR7Z44;Juliana Novaes;autorizado
QYP4Y31;João Gabriel Albuquerque;não autorizado
KME3M39;Mathias Machado;autorizado
MSF1B54;Pedro Henrique Moreira;autorizado
FMC7I32;Otávio Freitas;não autorizado
UKA4S65;Sr. Samuel Câmara;autorizado
AIT5N33;Maria Laura Leão;autorizado
RWP3J55;Olivia Sá;não autorizado
PVP1K49;Ian Araújo;autorizado
QMD5O05;Lucca da Rocha;autorizado
BEQ3Q92;Levi Vargas;autorizado
XDR3X24;Pietra Rocha;autorizado
IYY5X88;Dante Nogueira;autorizado
NPJ6U55;Bryan Duarte;autorizado
EST9G85;Dra. Ana Camargo;autorizado
FBF9C16;Jade Sousa;não autorizado
ABC1234;OLHA EU DE NOVO!!!!!;não autorizado
TES1234;Fulano;Para recepção
TES0001;importante;autorizado_patio
TES0A02;outro importante;autorizado_patio
TES4O69;hehe boy;autorizado
